{
	"variables": [],
	"info": {
		"name": "Music DB API",
		"_postman_id": "e8857dba-f6f4-9c7e-d6d0-1f58cab77565",
		"description": "",
		"schema": "https://schema.getpostman.com/json/collection/v2.0.0/collection.json"
	},
	"item": [
		{
			"name": "Album",
			"description": "",
			"item": [
				{
					"name": "/albums",
					"request": {
						"url": "http://{{host}}/albums",
						"method": "GET",
						"header": [
							{
								"key": "Content-Type",
								"value": "application/vnd.api+json",
								"description": ""
							},
							{
								"key": "Accept",
								"value": "application/json",
								"description": ""
							},
							{
								"key": "Authorization",
								"value": "Bearer {{token}}",
								"description": ""
							}
						],
						"body": {},
						"description": ""
					},
					"response": []
				},
				{
					"name": "/albums",
					"request": {
						"url": "http://{{host}}/albums",
						"method": "POST",
						"header": [
							{
								"key": "Content-Type",
								"value": "application/json",
								"description": ""
							},
							{
								"key": "Accept",
								"value": "application/json",
								"description": ""
							},
							{
								"key": "Authorization",
								"value": "Bearer {{token}}",
								"description": ""
							}
						],
						"body": {
							"mode": "raw",
							"raw": "{\n  \"title\" : \"Hello My Friend\",\n  \"artist_id\": 1,\n  \"release_date\": \"2017-05-12\"\n}"
						},
						"description": ""
					},
					"response": []
				},
				{
					"name": "/albums/{id}",
					"request": {
						"url": "http://{{host}}/albums/21",
						"method": "GET",
						"header": [
							{
								"key": "Content-Type",
								"value": "application/json",
								"description": ""
							},
							{
								"key": "Accept",
								"value": "application/json",
								"description": ""
							},
							{
								"key": "Authorization",
								"value": "Bearer {{token}}",
								"description": ""
							}
						],
						"body": {},
						"description": ""
					},
					"response": []
				},
				{
					"name": "/albums/{id}/artist",
					"request": {
						"url": "http://{{host}}/albums/21/artist",
						"method": "GET",
						"header": [
							{
								"key": "Content-Type",
								"value": "application/json",
								"description": ""
							},
							{
								"key": "Accept",
								"value": "application/json",
								"description": ""
							},
							{
								"key": "Authorization",
								"value": "Bearer {{token}}",
								"description": ""
							}
						],
						"body": {},
						"description": ""
					},
					"response": []
				},
				{
					"name": "/albums/{id}",
					"request": {
						"url": "http://{{host}}/albums/21",
						"method": "PUT",
						"header": [
							{
								"key": "Content-Type",
								"value": "application/json",
								"description": ""
							},
							{
								"key": "Accept",
								"value": "application/json",
								"description": ""
							},
							{
								"key": "Authorization",
								"value": "Bearer {{token}}",
								"description": ""
							}
						],
						"body": {
							"mode": "raw",
							"raw": "{\n  \"title\" : \"Hello My Old Friend\",\n  \"artist_id\": 2,\n  \"release_date\": \"2017-06-13\"\n}"
						},
						"description": ""
					},
					"response": []
				},
				{
					"name": "/albums/{id}",
					"request": {
						"url": "http://{{host}}/albums/21",
						"method": "DELETE",
						"header": [
							{
								"key": "Content-Type",
								"value": "application/json",
								"description": ""
							},
							{
								"key": "Accept",
								"value": "application/json",
								"description": ""
							},
							{
								"key": "Authorization",
								"value": "Bearer {{token}}",
								"description": ""
							}
						],
						"body": {},
						"description": ""
					},
					"response": []
				}
			]
		},
		{
			"name": "Artist",
			"description": "",
			"item": [
				{
					"name": "/artists",
					"request": {
						"url": "http://{{host}}/artists",
						"method": "GET",
						"header": [
							{
								"key": "Content-Type",
								"value": "application/vnd.api+json",
								"description": ""
							},
							{
								"key": "Accept",
								"value": "application/json",
								"description": ""
							},
							{
								"key": "Authorization",
								"value": "Bearer {{token}}",
								"description": ""
							}
						],
						"body": {},
						"description": ""
					},
					"response": []
				},
				{
					"name": "/artists",
					"request": {
						"url": "http://{{host}}/artists",
						"method": "POST",
						"header": [
							{
								"key": "Content-Type",
								"value": "application/json",
								"description": ""
							},
							{
								"key": "Accept",
								"value": "application/json",
								"description": ""
							},
							{
								"key": "Authorization",
								"value": "Bearer {{token}}",
								"description": ""
							}
						],
						"body": {
							"mode": "raw",
							"raw": "{\n  \"first_name\" : \"John\",\n  \"last_name\" : \"Doe\",\n  \"gender\" : \"Male\",\n  \"biography\": \"Hello World!\",\n  \"birthday\": \"1994-01-13\"\n}"
						},
						"description": ""
					},
					"response": []
				},
				{
					"name": "/artists/{id}",
					"request": {
						"url": "http://{{host}}/artists/11",
						"method": "GET",
						"header": [
							{
								"key": "Content-Type",
								"value": "application/json",
								"description": ""
							},
							{
								"key": "Accept",
								"value": "application/json",
								"description": ""
							},
							{
								"key": "Authorization",
								"value": "Bearer {{token}}",
								"description": ""
							}
						],
						"body": {},
						"description": ""
					},
					"response": []
				},
				{
					"name": "/artists/{id}",
					"request": {
						"url": "http://{{host}}/artists/11",
						"method": "PUT",
						"header": [
							{
								"key": "Content-Type",
								"value": "application/json",
								"description": ""
							},
							{
								"key": "Accept",
								"value": "application/json",
								"description": ""
							},
							{
								"key": "Authorization",
								"value": "Bearer {{token}}",
								"description": ""
							}
						],
						"body": {
							"mode": "raw",
							"raw": "{\n  \"first_name\" : \"Johnny\",\n  \"last_name\" : \"Do\",\n  \"gender\" : \"Female\",\n  \"biography\": \"Hello World 2!\",\n  \"birthday\": \"1990-07-15\"\n}"
						},
						"description": ""
					},
					"response": []
				},
				{
					"name": "/artists/{id}",
					"request": {
						"url": "http://{{host}}/artists/11",
						"method": "DELETE",
						"header": [
							{
								"key": "Content-Type",
								"value": "application/json",
								"description": ""
							},
							{
								"key": "Accept",
								"value": "application/json",
								"description": ""
							},
							{
								"key": "Authorization",
								"value": "Bearer {{token}}",
								"description": ""
							}
						],
						"body": {},
						"description": ""
					},
					"response": []
				}
			]
		},
		{
			"name": "Authorization",
			"description": "",
			"item": [
				{
					"name": "/oauth/token",
					"event": [
						{
							"listen": "test",
							"script": {
								"type": "text/javascript",
								"exec": [
									"postman.setEnvironmentVariable(\"token\", JSON.parse(responseBody).access_token);"
								]
							}
						}
					],
					"request": {
						"url": "http://{{host}}/oauth/token",
						"method": "POST",
						"header": [
							{
								"key": "Content-Type",
								"value": "application/json",
								"description": ""
							},
							{
								"key": "Accept",
								"value": "application/json",
								"description": ""
							}
						],
						"body": {
							"mode": "raw",
							"raw": "{\n  \"grant_type\" : \"password\",\n  \"username\" : \"{{username}}\",\n  \"password\" : \"{{password}}\",\n  \"client_id\" : {{client_id}},\n  \"client_secret\" : \"{{client_secret}}\"\n}"
						},
						"description": ""
					},
					"response": []
				}
			]
		},
		{
			"name": "Song",
			"description": "",
			"item": [
				{
					"name": "/songs",
					"request": {
						"url": "http://{{host}}/songs",
						"method": "GET",
						"header": [
							{
								"key": "Content-Type",
								"value": "application/vnd.api+json",
								"description": ""
							},
							{
								"key": "Accept",
								"value": "application/json",
								"description": ""
							},
							{
								"key": "Authorization",
								"value": "Bearer {{token}}",
								"description": ""
							}
						],
						"body": {},
						"description": ""
					},
					"response": []
				},
				{
					"name": "/songs",
					"request": {
						"url": "http://{{host}}/songs",
						"method": "POST",
						"header": [
							{
								"key": "Content-Type",
								"value": "application/json",
								"description": ""
							},
							{
								"key": "Accept",
								"value": "application/json",
								"description": ""
							},
							{
								"key": "Authorization",
								"value": "Bearer {{token}}",
								"description": ""
							}
						],
						"body": {
							"mode": "raw",
							"raw": "{\n  \"title\" : \"Don't Leave Me Alone\",\n  \"album_id\": 1\n}"
						},
						"description": ""
					},
					"response": []
				},
				{
					"name": "/songs/{id}",
					"request": {
						"url": "http://{{host}}/songs/101",
						"method": "GET",
						"header": [
							{
								"key": "Content-Type",
								"value": "application/json",
								"description": ""
							},
							{
								"key": "Accept",
								"value": "application/json",
								"description": ""
							},
							{
								"key": "Authorization",
								"value": "Bearer {{token}}",
								"description": ""
							}
						],
						"body": {},
						"description": ""
					},
					"response": []
				},
				{
					"name": "/songs/{id}/albums",
					"request": {
						"url": "http://{{host}}/songs/101/album",
						"method": "GET",
						"header": [
							{
								"key": "Content-Type",
								"value": "application/json",
								"description": ""
							},
							{
								"key": "Accept",
								"value": "application/json",
								"description": ""
							},
							{
								"key": "Authorization",
								"value": "Bearer {{token}}",
								"description": ""
							}
						],
						"body": {},
						"description": ""
					},
					"response": []
				},
				{
					"name": "/songs/{id}",
					"request": {
						"url": "http://{{host}}/songs/101",
						"method": "PUT",
						"header": [
							{
								"key": "Content-Type",
								"value": "application/json",
								"description": ""
							},
							{
								"key": "Accept",
								"value": "application/json",
								"description": ""
							},
							{
								"key": "Authorization",
								"value": "Bearer {{token}}",
								"description": ""
							}
						],
						"body": {
							"mode": "raw",
							"raw": "{\n  \"title\" : \"Please Go Now\",\n  \"album_id\": 1\n}"
						},
						"description": ""
					},
					"response": []
				},
				{
					"name": "/songs/{id}",
					"request": {
						"url": "http://{{host}}/songs/101",
						"method": "DELETE",
						"header": [
							{
								"key": "Content-Type",
								"value": "application/json",
								"description": ""
							},
							{
								"key": "Accept",
								"value": "application/json",
								"description": ""
							},
							{
								"key": "Authorization",
								"value": "Bearer {{token}}",
								"description": ""
							}
						],
						"body": {},
						"description": ""
					},
					"response": []
				}
			]
		}
	]
}